{
	"name": "Stone Quarrys",
	"description": "OMG THERZ STONE!!! Absolutely unexpected..",
	"loadout": "basicFoundation",
    "startingItems": [
    	{"item": "copper", "amount": 200},
    	{"item": "lead", "amount": 300}
    ],
    "conditionWave": 10,
    "launchPeriod": 10,
    "requirements": [
    	{
    		"type": "ZoneWave",
    		"zone": "groundZero", 
    		"wave": 40
    	},
    	{
    		"type": "Unlock",
    		"block": "copper-wall"
    	}
    	{
    		"type": "Unlock",
    		"block": "duo"
    	}
    ],
    "resources": ["copper", "silver", "lead", "coal", "sand"]
}
