{
	"type": "GenericSmelter",
	"name": "Lava Smelter",
	"description": "Turning stone to lava. Interesting.",
	"liquidCapacity": 50,
	"outputItem": {"item": "lava", "amount": 1},
	"size": 2,
	"hasPower": true,
	"hasLiquids": true,
	"hasItems": true,
	"craftTime": 60,
	"updateEffect": "smeltsmoke",
	"consumes": {
		"power": 0.7,
		"items": {
			"items": [
				{ "item": "stone", "amount": 2 }
			]
		}
	},
	"requirements": [
		{ "item": "lead", "amount": 50 },
		{ "item": "stone", "amount": 80 },
		{ "item": "silicon", "amount": 60 },
		{ "item": "copper", "amount": 50 }
	],
	"category": "crafting",
	"research": "melter",
	"idleSound": "respawning",
	"idleSoundVolume": 0.5
}
