{
	"type": "SingleTypeGenerator",
	"name": "Heat Generator",
	"description": "Lava is hot. You can convert heat to energy. Do the maths. Electric lava's more efficient. Wonder why.",
	"size": 2,
	"hasPower": true,
	"hasItems": true,
	"itemDuration": 30,
	"powerProduction": 0.2,
	"consumes": {
		"items": {
			"liquids": [
				{ "liquid": "lava", "amount": 3 }
				{ "liquid": "electric-lava", "amount": 1 }
			],
			"optional": true
		}
	},
	"requirements": [
		{ "item": "stone", "amount": 80 },
		{ "item": "silicon", "amount": 60 },
		{ "item": "copper", "amount": 50 }
	],
	"category": "power",
	"research": "combustion-generator"
}
